AM1-001-001	1	Descartes à Beeckman	Breda	24 Janvier 1619	I, 1	AT X, 151
AM1-005-002	2	Descartes à Beeckman	Breda	26 Mars 1619	I, 5	AT X, 154
AM1-012-003	3	Descartes à Beeckman	Breda	20 Avril 1619	I, 12	AT X, 161
AM1-013-004	4	Descartes à Beeckman	Breda	23 Avril 1619	I, 13	AT X, 162
AM1-016-005	5	Descartes à Beeckman		Amsterdam 29 Avril 1619	I, 16	AT X, 164
AM1-019-006	6	Beeckman à Descartes	Middelbourg	6 Mai 1619	I, 19	AT X, 167
AM1-024-007	7	Descartes à son frère ainé	Rennes	3 Avril 1622	I, 24	AT I, 1
AM1-025-008	8	Descartes à son père		22 Mai 1622	I, 25	AT I, 2
AM1-026-009	9	Descartes à son frère ainé		21 Mars 1623	I, 26	AT I, 3
AM1-027-010	10	Descartes à son père	Poitiers	24 Juin 1625	I, 27	AT I, 4
AM1-029-011	11	Descartes à son frère ainé	Paris	16 Juillet 1626	I, 29	AT I, 5
AM1-030-012	12	Descartes à ***		1628	I, 30	AT I, 5
AM1-039-013	13	Balzac à Descartes	Paris	30 Mars 1628	I, 39	AT I, 569
AM1-041-014	14	Descartes à Ferrier		18 Juin 1629	I, 41	AT I, 13
AM1-044-015	15	Descartes au P. Gibieuf		18 Juillet 1629	I, 44	AT I, 16
AM1-046-016	16	Descartes à ***		 Septembre 1629?	I, 46	AT I, 18
AM1-048-017	17	Descartes à Mersenne		8 Octobre 1629	I, 48	AT I, 22
AM1-054-018	18	Descartes à Ferrier	Amsterdam	8 Octobre 1629	I, 54	AT I, 32
AM1-059-019	19	Ferrier à Descartes	Paris	26 Octobre 1629	I, 59	AT I, 38
AM1-070-020	20	Descartes à Ferrier	Amsterdam	13 Novembre 1629	I, 70	AT I, 53
AM1-083-021	21	Descartes à Mersenne	Amsterdam	13 Novembre 1629	I, 83	AT I, 69
AM1-089-022	22	Descartes à Mersenne	Amsterdam	20 Novembre 1629	I, 89	AT I, 76
AM1-094-023	23	Descartes à Mersenne	Amsterdam	18 Décembre 1629	I, 94	AT I, 83
AM1-109-024	24	Descartes à Mersenne	Amsterdam	 Janvier 1630	I, 109	AT I, 105
AM1-116-025	25	Descartes à Mersenne		25 Février 1630	I, 116	AT I, 115
AM1-122-026	26	Descartes à Mersenne		4 Mars 1630	I, 122	AT I, 124
AM1-124-027	27	Descartes à Mersenne		18 Mars 1630	I, 124	AT I, 128
AM1-129-028	28	Descartes à Mersenne	Amsterdam	15 Avril 1630	I, 129	AT I, 135
AM1-138-029	29	Descartes à Mersenne	Amsterdam	6 Mai 1630	I, 138	AT I, 147
AM1-141-030	30	Descartes à (Mersenne)?	Amsterdam	27 Mai 1630?	I, 141	AT I, 151
AM1-144-031	31	Descartes à Beeckman	Amsterdam	9- Octobre 1630	I, 144	AT I, 154
AM1-147-032	32	Descartes à Beeckman	Amsterdam	17 Octobre 1630	I, 147	AT I, 156
AM1-164-033	33	Descartes à Mersenne	Amsterdam	4 Novembre 1630	I, 164	AT I, 170
AM1-169-034	34	Descartes à Mersenne	Amsterdam	25 Novembre 1630	I, 169	AT I, 177
AM1-174-035	35	Descartes à Ferrier		2 Décembre 1630	I, 174	AT I, 183
AM1-178-036	36	Descartes à Condren	Amsterdam	2 Décembre 1630	I, 178	AT I, 188
AM1-180-037	37	Descartes à Mersenne	Amsterdam	2 Décembre 1630	I, 180	AT I, 189
AM1-182-038	38	Descartes à Mersenne	Amsterdam	23 Décembre 1630	I, 182	AT I, 192
AM1-185-039	39	Descartes à Balzac	Amsterdam	15 Avril 1631	I, 185	AT I, 196
AM1-187-040	40	Balzac à Descartes	Paris	25 Avril 1631	I, 187	AT I, 199
AM1-189-041	41	Descartes à Balzac	Amsterdam	5 Mai 1631	I, 189	AT I, 202
AM1-192-042	42	Descartes à Reneri	Amsterdam	2 Juin 1631	I, 192	AT I, 205
AM1-195-043	43	Villebressieu à Descartes		été de 1631	I, 195	AT I, 209
AM1-198-044	44	Descartes à Villebressieu	Amsterdam	Été de 1631?	I, 198	AT I, 212
AM1-203-045	45	Descartes à Mersenne	Amsterdam	 Octobre 1631?	I, 203	AT I, 219
AM1-208-046	46	Descartes à Mersenne	Amsterdam	10- Novembre 1631	I, 208	AT I, 226
AM1-212-047	47	Descartes à Golius	Amsterdam	 Janvier 1632	I, 212	AT I, 232
AM1-216-048	48	Descartes à Golius	Amsterdam	2 Février 1632	I, 216	AT I, 236
AM1-220-049	49	Descartes à Mersenne	Amsterdam	5 Avril 1632	I, 220	AT I, 242
AM1-222-050	50	Descartes à Mersenne	Amsterdam	3 Mai 1632	I, 222	AT I, 244
AM1-225-051	51	Descartes à Mersenne	Amsterdam	10 Mai 1632	I, 225	AT I, 249
AM1-228-052	52	Descartes à Wilhem	Amsterdam	23 Mai 1632	I, 228	AT I, 253
AM1-229-053	53	Descartes à Mersenne	Deventer	 Juin 1632	I, 229	AT I, 254
AM1-232-054	54	Descartes à Mersenne	Deventer	Été 1632	I, 232	AT I, 257
AM1-234-055	55	Descartes à Mersenne	Deventer	11- Décembre 1632	I, 234	AT I, 260
AM1-237-056	56	Descartes à Wilhem	Deventer	7 Février 1633	I, 237	AT I, 264
AM1-239-057	57	Descartes à Mersenne	Deventer	22 Juillet 1633	I, 239	AT I, 266
AM1-241-058	58	Descartes à Mersenne	Deventer	fin Novembre 1633	I, 241	AT I, 270
AM1-244-059	59	Descartes à Wilhem	Amsterdam	12 Décembre 1633	I, 244	AT I, 273
AM1-246-060	60	Descartes à Stampioen	Amsterdam	fin? 1633	I, 246	AT I, 275
AM1-250-061	61	Descartes à Mersenne	Amsterdam	 Février 1634	I, 250	AT I, 280
AM1-252-062	62	Descartes à Mersenne	Amsterdam	 Avril 1634	I, 252	AT I, 284
AM1-256-063	63	Descartes à Mersenne	Amsterdam	15 Mai 1634	I, 256	AT I, 292
AM1-262-064	64	Descartes à Reneri	Amsterdam	2 Juillet 1634	I, 262	AT I, 300
AM1-264-065	65	Descartes à Mersenne	Amsterdam	14 Août 1634	I, 264	AT I, 302
AM1-267-066	66	Descartes à Beeckman ou Hortensius?	Amsterdam	22 Août 1634	I, 267	AT I, 307
AM1-275-067	67	Descartes à Morin	Amsterdam	9- Octobre 1634	I, 275	AT I, 313
AM1-276-068	68	Descartes à Golius	Utrecht	16 Avril 1635	I, 276	AT I, 314
AM1-278-069	69	Descartes à Huygens	Utrecht	15/25 Avril 1635	I, 278	AT I, 585
AM1-280-070	70	Huygens à Descartes	La Haye	6 Mai 1635	I, 280	R, 1; 
AM1-281-071	71	Descartes à Golius	Utrecht	19 Mai 1635	I, 281	AT I, 317
AM1-284-072	72	Descartes à Mersenne?	Utrecht	Juin ou Juillet 1635	I, 284	AT I, 321
AM1-287-073	73	Huygens à Descartes	Panderen	28 Octobre 1635	I, 287	R, 2; AT I, 325
AM1-290-074	74	Descartes à Huygens	Utrecht	1 Novembre 1635	I, 290	R, 5; AT I, 328
AM1-293-075	75	Huygens à Descartes	Arnhem	5 Décembre 1635	I, 293	R, 7; AT I, 332
AM1-295-076	76	Descartes à Huygens	Utrecht	8 Décembre 1635	I, 295	R, 9; 
AM1-297-077	77	Descartes à Huygens		11 Décembre 1635	I, 297	R, 11; AT I, 334
AM1-300-078	78	Descartes à Mersenne	Leyde	 Mars 1636	I, 300	AT I, 338
AM1-303-079	79	Descartes à Huygens	Leyde	28 Mars 1636	I, 303	R, 15; 
AM1-305-080	80	Huygens à Descartes		La Haye 31 Mars 1636	I, 305	R, 17; 
AM1-307-081	81	Descartes à Huygens	Leyde	31 Mars 1636	I, 307	R, 19; AT I, 342
AM1-308-082	82	Descartes à Huygens	Leyde	11 Juin 1636	I, 308	R, 19; 
AM1-310-083	83	Huygens à Descartes	La Haye	15 Juin 1636	I, 310	R, 21; AT I, 343
AM1-312-084	84	Huygens à Descartes	La Haye	11 Juillet 1636	I, 312	R, 23; 
AM1-313-085	85	Descartes à Huygens	Leyde	13 Juillet 1636	I, 313	R, 24; 
AM1-315-086	86	Huygens à Descartes	Sprang	23 Octobre 1636	I, 315	R, 26; 
AM1-316-087	87	Descartes à Huygens	Leyde	30 Octobre 1636	I, 316	R, 27; 
AM1-318-088	88	Descartes à Huygens	Leyde	1 Janvier 1637	I, 318	R, 29; 
AM1-320-089	89	Huygens à Descartes	La Haye	5 Janvier 1637	I, 320	R, 30; AT I, 345
AM1-322-090	90	Mersenne à Descartes		15 Février 1637	I, 322	R, 261; 
AM1-326-092	92	Descartes à Huygens	Leyde	25 Février 1637	I, 326	R, 33; 
AM1-328-093	93	Descartes à Mersenne	Leyde	27 Février 1637	I, 328	AT I, 347
AM1-332-093bis	93 bis	Huygens à Descartes	La Haye	1 Mars 1637	I, 332	R, 35; 
AM1-333-093ter	93 ter	Descartes à Huygens	Leyde	3 Mars 1637	I, 333	R, 36; 
AM1-335-094	94	Descartes à Huygens	Leyde	22 Mars 1637	I, 335	R, 38; 
AM1-336-095	95	Huygens à Descartes	La Haye	24 Mars 1637	I, 336	R, 39; 
AM1-338-096	96	Descartes à Huygens	Leyde	29 Mars 1637	I, 338	R, 41; 
AM1-340-097	97	Descartes à Huygens	Leyde	20 Avril 1637	I, 340	R, 44; 
AM1-341-098	98	Fermat à Mersenne	Toulouse	4- Mai 1637	I, 341	AT I, 354
AM1-346-099	99	Descartes à Huygens	Alcmaer	20 Mai 1637	I, 346	R, 45; AT I, 371
AM1-349-100	100	Descartes à Mersenne		fin Mai 1637	I, 349	AT I, 363
AM1-351-101	101	Descartes à Mersenne		fin Mai 1637	I, 351	AT I, 365
AM1-354-102	102	Descartes à ***		fin Mai 1637	I, 354	AT I, 352
AM1-356-103	103	Descartes à ***		fin Mai 1637	I, 356	AT 
AM1-358-104	104	Huygens à Descartes	La Haye	2 Juin 1637	I, 358	R, 48; 
AM1-359-105	105	Descartes à Mersenne		8 à 12 Juin 1637	I, 359	AT I, 374
AM1-363-106	106	Descartes à Mersenne		8 à 12 Juin 1637	I, 363	AT I, 389
AM1-365-107	107	Descartes à Huygens		8 à 12 Juin 1637	I, 365	R, 49; 
AM1-367-108	108	Descartes à Wilhem		8 à 12 Juin 1637	I, 367	AT I, 386
AM1-369-109	109	Descartes à Huygens	Leyde	12 Juin 1637	I, 369	R, 51; AT I, 385
AM1-371-110	110	Descartes à Colvius	Leyde	14 Juin 1637	I, 371	AT I, 379
AM1-372-111	111	Descartes à Balzac	Leyde	14 Juin 1637	I, 372	AT I, 380
AM1-374-112	112	Descartes au P. Fournet	Leyde	14 Juin 1637	I, 374	AT I, 382
AM1-376-113	113	Huygens à Descartes	La Haye	27 Juin 1637	I, 376	R, 53; 
AM1-377-114	114	Descartes à Huygens	Alcmaer	5 Juillet 1637	I, 377	R, 54; 
AM1-378-115	115	Descartes à ***		30 Août 1637	I, 378	AT I, 393
AM1-380-116	116	Plempius à Descartes	Louvain	15 Septembre 1637	I, 380	AT I, 399
AM1-383-117	117	Fromondus à Plempius (envoyée à Descartes)	Louvain	13 Septembre 1637	I, 383	AT I, 402
AM1-394-118	118	Huygens à Descartes	Breda	18 Septembre 1637	I, 394	R, 55; AT I, 395
AM1-397-f001a	Fragments 1	 		 	I, 397	AT IV, 685
AM1-399-f001b	 	 		 	I, 399	AT IV, 694-695
AM1-401-f001c	 	 		 	I, 401	AT IV, 696
AM1-402-f001d	 	 		 	I, 402	AT IV, 696-697
AM1-404-f002a	Fragment 2	 		 	I, 404	AT IV, 687-688
AM1-406-f002b	 	 		 	I, 406	AT IV, 689
AM1-407-f003	Fragment 3	 		 	I, 407	AT IV, 685-686
AM1-408-f004a	Fragment 4	 		 	I, 408	AT IV, 688-689
AM1-410-f004b	 	 		 	I, 410	AT IV, 686-687
AM1-411-f004c	 	 		 	I, 411	AT IV, 699
AM1-412-f004d	 	 		 	I, 412	AT IV, 695-696
AM1-413-f005	Fragment 5	 		 	I, 413	AT IV, 686et695
AM1-415-f006	Fragment 6	 		 	I, 415	AT IV, 689-691
AM1-419-f007	Fragment 7	 		 	I, 419	AT IV, 697-700
AM1-421-f008	Fragment 8	 		 	I, 421	AT IV, 698-700
AM2-001-119	119	Descartes à Plempius		3 Octobre 1637	II, 1	AT I, 409
AM2-005-120	120	Descartes à Plempius, pour Fromondus		3 Octobre 1637	II, 5	AT I, 412
AM2-029-121	121	Descartes au P. Fournet		3 Octobre 1637	II, 29	AT I, 454
AM2-031-122	122	Descartes à Huygens		5 Octobre 1637	II, 31	R, 58; AT I, 431
AM2-042-123	123	Descartes à Mersenne		5 Octobre 1637	II, 42	AT I, 448
AM2-044-124	124	Descartes à Mersenne		5 Octobre 1637	II, 44	AT I, 450
AM2-048-125	125	Huygens à Descartes	La Haye	23 Novembre 1637	II, 48	R, 60; AT I, 461
AM2-050-126	126	Fermat à Mersenne	Toulouse	 Novembre 1637	II, 50	AT I, 463
AM2-059-127	127	Descartes à Huygens		4 Décembre 1637	II, 59	R, 62; AT I, 506
AM2-061-128	128	Descartes à Plempius		20 Décembre 1637	II, 61	AT I, 475
AM2-065-129	129	Descartes à Mersenne		fin Décembre 1637?	II, 65	AT I, 477
AM2-068-130	130	Descartes à Mersenne		 Janvier 1638?	II, 68	AT I, 481
AM2-071-131	131	Descartes à Mersenne		 Janvier 1638	II, 71	AT I, 486
AM2-078-132	132	Plempius à Descartes	Louvain	 Janvier 1638	II, 78	AT I, 496
AM2-083-133	133	Descartes à Mersenne		25 Janvier 1638	II, 83	AT I, 499
AM2-087-134	134	Descartes à Huygens		25 Janvier 1638	II, 87	R, 64; AT I, 504
AM2-089-135	135	Huygens à Descartes	La Haye	2 Février 1638	II, 89	R, 65; AT I, 508
AM2-092-136	136	Pollot à Reneri pour Descartes	La Haye	 Février 1638?	II, 92	AT I, 511
AM2-096-137	137	Descartes à Huygens		8 Février 1638	II, 96	R, 69; AT I, 519
AM2-098-138	138	Descartes à Pollot		12 Février 1638	II, 98	AT I, 517
AM2-100-139	139	Descartes à Plempius		15 Février 1638	II, 100	AT I, 521
AM2-118-140	140	Morin à Descartes	Paris	22 Février 1638	II, 118	AT I, 536
AM2-133-141	141	Descartes au P. Vatier		22 Février 1638	II, 133	AT I, 558
AM2-139-142	142	Descartes au P. Deriennes		22 Février 1638	II, 139	AT I, 456
AM2-141-143	143	Descartes à ***		2- Mars 1638	II, 141	AT I, 458
AM2-143-144	144	Descartes contre Roberval et E. Pascal		1 Mars 1638	II, 143	AT II, 1
AM2-154-145	145	Descartes à Mydorge		1 Mars 1638	II, 154	AT II, 15
AM2-160-146	146	Descartes à Mersenne		1 Mars 1638	II, 160	AT II, 24
AM2-167-147	147	Descartes à Huygens		9 Mars 1638	II, 167	R, 71; 
AM2-170-147bis	147 bis	Descartes à Huygens		3- Avril 1638	II, 170	AT II, 51
AM2-172-148	148	Plempius à Descartes		 Mars 1638	II, 172	AT II, 52
AM2-176-149	149	Ciermans à Descartes		 Mars 1638	II, 176	AT II, 55
AM2-186-150	150	Descartes à Plempius		23 Mars 1638	II, 186	AT II, 62
AM2-197-151	151	Descartes à Ciermans		23 Mars 1638	II, 197	AT II, 69
AM2-213-152	152	Descartes à Mersenne		31 Mars 1638	II, 213	AT II, 81
AM2-226-153	153	Roberval contre Descartes	Paris	 Avril 1638	II, 226	AT II, 103
AM2-236-154	154	D. à Reneri pour Pollot		4- Mai 1638	II, 236	AT II, 34
AM2-246-155	155	Mersenne à Descartes		28 Avril 1638	II, 246	AT II, 116
AM2-251-156	156	Descartes à Mersenne		3 Mai 1638	II, 251	AT II, 122
AM2-261-157	157	Descartes à Mersenne		17 Mai 1638	II, 261	AT II, 134
AM2-275-158	158	Descartes à Mersenne		17 ou 24 Mai 1638	II, 275	AT II, 154
AM2-287-159	159	Descartes à Hardy		 Juin 1638	II, 287	AT II, 169
AM2-291-160	160	Descartes à Mersenne		29 Juin 1638	II, 291	AT II, 174
AM2-307-161	161	Descartes à Huygens		 Juin 1638	II, 307	R, 75; 
AM2-310-162	162	Descartes à Morin		13 Juillet 1638	II, 310	AT II, 196
AM2-328-163	163	Descartes à Morin		13 Juillet 1638	II, 328	AT II, 221
AM2-329-164	164	Descartes à Mersenne		13 Juillet 1638	II, 329	AT II, 222
AM2-347-165	165	Descartes à Mersenne		13 Juillet 1638	II, 347	AT II, 246
AM2-353-166	166	Descartes à Mersenne		27 Juillet 1638	II, 353	AT II, 253
AM3-001-167	167	Descartes à Fermat		27 Juillet 1638	III, 1	AT II, 280
AM3-003-168	168	Huygens à Descartes	Près de Berg-op-Zoom	30 Juillet 1638	III, 3	R, 78; AT II, 282
AM3-006-169	169	Mersenne à Descartes		1 Août 1638	III, 6	AT II, 286
AM3-007-170	170	Morin à Descartes	Paris	12 Août 1638	III, 7	AT II, 288
AM3-019-171	171	Regius à Descartes		18 Août 1638	III, 19	AT II, 305
AM3-021-172	172	Descartes à [Hogelande]		 Août 1638	III, 21	AT Sup., 97
AM3-024-172bis	172 bis	Descartes à Huygens		19 Août 1638	III, 24	R, 82; 
AM3-027-173	173	Descartes à Reneri		20 Août 1638	III, 27	AT II, 306
AM3-028-174	174	Descartes à Mersenne		23 Août 1638	III, 28	AT II, 307
AM3-052-175	175	Descartes à Plempius		 Août 1638?	III, 52	AT II, 343
AM3-056-176	176	Descartes à Mersenne		12 Septembre 1638	III, 56	AT II, 352
AM3-064-177	177	Descartes à Morin		[12 Septembre 1638]	III, 64	AT II, 362
AM3-072-178	178	Descartes à Ferrier		12 Septembre 1638	III, 72	AT II, 373
AM3-074-179	179	Descartes à Debeaune		12 Septembre 1638	III, 74	AT II, 377
AM3-077-180	180	Descartes à Mersenne		11 Octobre 1638	III, 77	AT II, 379
AM3-095-181	181	Descartes à Fermat		[11 Octobre 1638]	III, 95	AT II, 406
AM3-097-182	182	Morin à Descartes	Paris	 Octobre 1638	III, 97	AT II, 408
AM3-106-183	183	Debeaune à Mersenne		13 Novembre 1638	III, 106	AT V, 526
AM3-111-184	184	Descartes à Mersenne		15 Novembre 1638	III, 111	AT II, 419
AM3-131-185	185	Descartes à Debeaune		11- Décembre 1638?	III, 131	AT II, 451
AM3-134-186	186	Descartes à [Huygens]		 Décembre 1638	III, 134	R, 86; AT II, 455
AM3-136-187	187	Descartes à Mersenne		[ Décembre 1638]	III, 136	AT II, 462
AM3-142-188	188	Descartes à [Schooten]		fin 1638 ou début 1639	III, 142	AT II, 600
AM3-155-189	189	Descartes à Frenicle		[9 Janvier 1639]	III, 155	AT II, 471
AM3-161-190	190	Descartes à Mersenne		9 Janvier 1639	III, 161	AT II, 479
AM3-170-191	191	Descartes à Huygens	Santpoort	29 Janvier 1639	III, 170	R, 87; 
AM3-172-192	192	Descartes à Mersenne		9 Février 1639	III, 172	AT II, 493
AM3-184-193	193	Descartes à Debeaune		20 Février 1639	III, 184	AT II, 510
AM3-195-194	194	Descartes à Mersenne		[20 Février 1639]	III, 195	AT II, 523
AM3-198-195	195	Regius à Descartes	Utrecht	9 Mars 1639	III, 198	AT II, 526
AM3-199-196	196	Regius et Aemilius à Descartes	Utrecht	19 Mars 1639	III, 199	AT II, 528
AM3-200-197	197	Debeaune à Mersenne	Blois	3 Avril 1639	III, 200	AT V, 539
AM3-204-198	198	Descartes à Mersenne		30 Avril 1639	III, 204	AT II, 529
AM3-213-199	199	Descartes à [Debeaune]		[30 Avril 1639]	III, 213	AT II, 541 V, 530
AM3-216-200	200	Descartes à Huygens	Santporte	6 Mai 1639	III, 216	R, 89; 
AM3-218-201	201	Descartes à Pollot	Santporte	6 Mai 1639	III, 218	AT II, 544
AM3-220-202	202	Huygens à Descartes	La Haye	15 Mai 1639	III, 220	R, 90; AT II, 546
AM3-222-203	203	Regius à Descartes	Utrecht	17 Mai 1639	III, 222	AT II, 548
AM3-224-204	204	Huygens à Descartes	Fort de Nassau	28 Mai 1639	III, 224	R, 92; AT II, 549
AM3-226-205	205	Descartes à Huygens	Santporte	6 Juin 1639	III, 226	R, 93; AT II, 551
AM3-228-206	206	Descartes à [Desargues]		[19 Juin 1639]	III, 228	AT II, 553
AM3-230-207	207	Descartes à Mersenne		19 Juin 1639	III, 230	AT II, 557
AM3-238-208	208	Regius à Descartes	Utrecht	14 Juillet 1639	III, 238	AT II, 568
AM3-240-209	209	Descartes à Mersenne		27 Août 1639	III, 240	AT II, 569
AM3-243-210	210	Regius à Descartes	Utrecht	mi Septembre 1639	III, 243	AT II, 582
AM3-244-211	211	Descartes à Huygens		[ Octobre 1639]	III, 244	R, 95; AT II, 583
AM3-247-212	212	Descartes à Mersenne		16 Octobre 1639	III, 247	AT II, 587
AM3-257-213	213	Regius à Descartes	Utrecht	10- Novembre 1639	III, 257	AT II, 616
AM3-259-214	214	Descartes à Mersenne		[13 Novembre 1639]	III, 259	AT II, 617
AM3-264-215	215	Descartes à Huygens	Santporte	17 Novembre 1639	III, 264	R, 99; 
AM3-268-216	216	Saumaise à Descartes	Leyde	28 Novembre 1639	III, 268	AT X, 557
AM3-270-217	217	Descartes à Huygens	Santporte	26 Novembre 1639	III, 270	R, 104; 
AM3-273-218	218	Descartes à Van Surck		26 Novembre 1639	III, 273	R, 266; 
AM3-275-218bis	218 bis	Documents sur l'affaire Waessenaer-Stampioen		1639	III, 275	R, 274; 
AM3-282-219	219	Regius à Descartes		3 Décembre 1639	III, 282	AT II, 624
AM3-284-220	220	Descartes à Huygens	Leyde	[12 Décembre 1639]	III, 284	R, 107; 
AM3-289-221	221	Huygens à Descartes	La Haye	13 Décembre 1639	III, 289	R, 112; 
AM3-292-222	222	Descartes à Huygens	Santporte	17 Décembre 1639	III, 292	R, 114; 
AM3-296-223	223	Descartes à Van Surck		[20 Décembre 1639]	III, 296	R, 270; 
AM3-299-224	224	Descartes à Mersenne		25 Décembre 1639	III, 299	AT II, 626
AM3-309-225	225	Huygens à Descartes	La Haye	28 Décembre 1639	III, 309	R, 118; AT II, 639
AM3-312-226	226	Descartes à [Hogelande?]		1639	III, 312	AT Sup.97-98
AM3-315-227	227	Descartes à Schooten		[1639ou1648?]	III, 315	AT II, 574
AM3-321-227bis	227 bis	Debeaune à Schooten		(1648-1649)	III, 320	AT Bibliot. Nationale
AM4-001-228	228	Descartes à Huygens	Santporte	3 Janvier 1640	IV, 1	R, 120; 
AM4-006-229	229	Huygens à Descartes	La Haye	8 Janvier 1640	IV, 6	R, 127; 
AM4-007-230	230	Regius et Aemilius à Descartes	Utrecht	 Janvier 1640	IV, 7	AT III, 1
AM4-011-231	231	Descartes à Mersenne		29 Janvier 1640	IV, 11	AT III, 4
AM4-019-232	232	Descartes à Meyssonnier		[29 Janvier 1640]	IV, 19	AT III, 18
AM4-021-233	233	Descartes à Waessenaer		1 Février 1640	IV, 21	AT III, 21
AM4-030-234	234	Descartes à Hogelande		8 Février 1640	IV, 30	AT Sup.1-4
AM4-034-235	235	Huygens à Descartes	La Haye	8 Mars 1640	IV, 34	R, 128; 
AM4-035-236	236	Descartes à Mersenne		11 Mars 1640	IV, 35	AT III, 33
AM4-043-237	237	Descartes à Huygens	Santporte	12 Mars 1640	IV, 43	R, 129; 
AM4-045-238	238	Descartes à Mersenne		[1 Avril 1640]	IV, 45	AT III, 45
AM4-050-239	239	Descartes à Golius		3 Avril 1640	IV, 50	AT III, 56 et X, 542
AM4-053-240	240	Huygens à Descartes	La Haye	29 Avril 1640	IV, 53	R, 132; 
AM4-054-241	241	Regius à Descartes	Utrecht	5 Mai 1640	IV, 54	AT III, 60
AM4-056-242	242	Descartes à Pollot	Leyde	7 Mai 1640	IV, 56	AT III, 61
AM4-057-243	243	Descartes à Regius	[Leyde	24 Mai 1640]	IV, 57	AT III, 63
AM4-070-244	244	Regius à Descartes	Utrecht	30 Mai 1640	IV, 70	AT III.71
AM4-072-245	245	Descartes à Mersenne	Leyde	11 Juin 1640	IV, 72	AT III, 72
AM4-083-246	246	Descartes à Wilhem	Leyde	[13 Juin 1640]	IV, 83	AT III, 90
AM4-084-247	247	Descartes à Wilhem	Leyde	24 Juin 1640	IV, 84	AT III, 92
AM4-085-248	248	Descartes à Mersenne	[Leyde]	22 Juillet 1640	IV, 85	AT III, 94
AM4-087-249	249	Descartes au P. [Hayneuve]	[Leyde	22 Juillet 1640]	IV, 87	AT III, 97
AM4-093-250	250	Huygens à Descartes	Camp de Reeck	24 Juillet 1640	IV, 93	R, 133; 
AM4-095-251	251	Descartes à Mersenne pour le P. Bourdin		29 Juillet 1640	IV, 95	AT III, 105
AM4-112-252	252	Descartes à Mersenne	[Leyde]	30 Juillet 1640	IV, 112	AT III, 119
AM4-124-253	253	Descartes à Mersenne	[Leyde	30 Juillet 1640]	IV, 125	AT III, 138
AM4-127-254	254	Descartes à Huygens	Leyde	31 Juillet 1640	IV, 127	R, 134; AT III, 101
AM4-130-255	255	Descartes à Mersenne	Leyde	6 Août 1640	IV, 130	AT III, 142
AM4-135-256	256	Huygens à Descartes	Rhynberck	14 Août 1640	IV, 135	R, 138; AT III, 150
AM4-138-257	257	Descartes à Wilhem	Leyde	17 Août 1640	IV, 138	AT III, 154
AM4-140-258	258	Descartes à Huygens	Leyde	27 Août 1640	IV, 140	R, 141; AT III, 157
AM4-143-259	259	Descartes à Mersenne	[Leyde]	30 Août 1640	IV, 143	AT III, 160
AM4-149-260	260	Descartes à Mersenne	[Leyde	30 Août 1640]	IV, 149	AT III, 168
AM4-159-261	261	Descartes à Mersenne	[Leyde]	15 Septembre 1640	IV, 159	AT III, 175
AM4-164-262	262	Descartes à Mersenne	Leyde	30 Septembre 1640	IV, 164	AT III, 183
AM4-172-263	263	Descartes à Wilhem	Leyde	5 Octobre 1640	IV, 172	AT III, 198
AM4-175-264	264	Regius à Descartes	Utrecht	7 Octobre 1640	IV, 175	AT III, 202
AM4-177-265	265	Huygens à Descartes	La Haye	8 Octobre 1640	IV, 177	R, 144; 
AM4-178-266	266	Descartes à Mersenne	Leyde	28 Octobre 1640	IV, 178	AT III, 205
AM4-186-267	267	Descartes à Mersenne	Leyde	28 Octobre 1640	IV, 186	AT III, 221
AM4-195-268	268	Descartes à son père	Leyde	28 Octobre 1640	IV, 195	AT III, 228
AM4-196-269	269	Huygens à Descartes	La Haye	29 Octobre 1640	IV, 196	R, 145; 
AM4-197-270	270	Descartes à Huygens		[11 Novembre 1640]	IV, 197	R, 146; AT III, 229
AM4-198-271	271	Descartes à Mersenne	Leyde	11 Novembre 1640	IV, 198	AT III, 230
AM4-203-272	272	Descartes au P. [Gibieuf]	[Leyde	11 Novembre 1640]	IV, 203	AT III, 236
AM4-205-273	273	Descartes à Mersenne	[Leyde]	11 Novembre 1640	IV, 205	AT III, 238
AM4-207-274	274	Descartes à [Huygens]	[Leyde]	12 Novembre 1640	IV, 207	R, 147; AT III, 241
AM4-209-275	275	Descartes à Colvius	[Leyde	14 Novembre 1640]	IV, 209	AT III, 247etX, 578
AM4-210-276	276	Descartes à Mersenne	[Leyde	18 Novembre 1640]	IV, 210	AT III, 243
AM4-213-277	277	Descartes à Mersenne	[Leyde]	3 Décembre 1640	IV, 213	AT III, 248
AM4-216-278	278	Descartes à son frère ainé	[Leyde]	3 Décembre 1640	IV, 216	AT III, 252
AM4-217-279	279	Descartes à Mersenne	[Leyde	 Décembre 1640]	IV, 217	AT III, 253
AM4-225-280	280	Descartes à Bannius, pour la défense de Boësset		1640	IV, 225	R, 293; 
AM4-237-281	281	Descartes à Mersenne	[Leyde	24 Décembre 1640?]	IV, 237	AT III, 262
AM4-242-282	282	Descartes à Mersenne	[Leyde	31 Décembre 1640]	IV, 242	AT III, 271
AM4-247-283	283	Descartes à Pollot	Leyde	mi- Janvier 1641	IV, 247	AT III, 278
AM4-249-284	284	Huygens à Descartes	La Haye	15 Janvier 1641	IV, 249	R, 148; 
AM4-250-285	285	Descartes à Huygens	Leyde	16 Janvier 1641	IV, 250	R, 149; 
AM4-252-286	286	Descartes à Mersenne	Leyde	21 Janvier 1641	IV, 252	AT III, 281
AM4-257-287	287	Descartes à Mersenne pour Hobbes	[Leyde	21 Janvier 1641]	IV, 257	AT III, 287
AM4-265-288	288	Descartes à Mersenne	[Leyde	28 Janvier 1641]	IV, 265	AT III, 292
AM4-270-289	289	Hobbes à Mersenne pour Descartes	Paris	7 Février 1641	IV, 270	AT III, 300
AM4-290-290	290	Descartes à Mersenne pour Hobbes	[Leyde	18 Février 1641]	IV, 290	AT III, 313
AM4-298-291	291	Descartes à Mersenne	Leyde	4 Mars 1641	IV, 299	AT III, 318
AM4-311-292	292	Descartes à Mersenne	Leyde	18 Mars 1641	IV, 311	AT III, 334
AM4-317-293	293	Hobbes à Mersenne pour Descartes	Paris	30 Mars 1641	IV, 317	AT III, 341
AM4-330-294	294	Descartes à Mersenne	[Endegeest]	31 Mars 1641	IV, 330	AT III, 349
AM4-332-295	295	Descartes à Mersenne pour Hobbes	Endegeest	21 Avril 1641	IV, 332	AT III, 353
AM4-335-296	296	Descartes à Mersenne	[Endegeest	21 Avril 1641]	IV, 335	AT III, 358
AM4-340-297	297	Descartes à Huygens	Endegeest	 Avril 1641	IV, 340	R, 151; 
AM4-342-298	298	Regius à Descartes	Utrecht	1 Mai 1641	IV, 342	AT III, 365
AM4-344-299	299	Descartes à Regius	[Endegeest	 Mai 1641]	IV, 344	AT III, 369
AM4-346-300	300	Descartes à Regius	[Endegeest	 Mai 1641]	IV, 346	AT III, 370
AM4-354-301	301	X*** à Mersenne pour Descartes	Paris	19 Mai 1641	IV, 354	AT III, 375
AM4-359-302	302	Descartes à Mersenne	[Endegeest	16 Juin 1641]	IV, 359	AT III, 382
AM4-361-303	303			[16 Juin 1641]	IV, 361	AT III, 707
AM4-371-304	304	Descartes à Mersenne	[Endegeest]	23 Juin 1641	IV, 371	AT III, 383
AM4-376-305	305	Descartes à Mersenne	[Endegeest	 Juillet 1641]	IV, 376	AT III, 391
AM5-001-306	306	Huygens à Descartes	Offelen	17 Juillet 1641	V, 1	R, 153; AT III, 412
AM5-003-307	307	X*** à Descartes	Paris	 Juillet 1641	V, 3	AT III, 397
AM5-030-308	308	Descartes à Mersenne	[Endegeest	22 Juillet 1641]	V, 30	AT III, 414
AM5-033-309	309	Descartes à [l'abbé de Launay]	[Endegeest	22 Juillet 1641]	V, 33	AT III, 419
AM5-035-310	310	Descartes à Huygens		29 Juillet 1641	V, 35	R, 155; 
AM5-038-311	311	Descartes à X***	[Endegeest	 Août 1641]	V, 38	AT III, 421
AM5-061-312	312	Descartes à Mersenne		 Septembre 1641	V, 61	AT III, 435
AM5-067-314	314	Descartes à Regius	[Endegeest	 Novembre 1641]	V, 67	AT III, 443
AM5-076-316	316	Descartes à Regius	[Endegeest	 Décembre 1641]	V, 76	AT III, 454
AM5-079-317	317	Descartes à Regius	[Endegeest	 Décembre 1641]	V, 79	AT III, 456
AM5-081-318	318	Descartes à Regius		[ Décembre 1641?]	V, 81	AT III, 457
AM5-085-319	319	Descartes à Regius	[Endegeest	mi Décembre 1641]	V, 84	AT III, 459
AM5-089-320	320	Descartes à Mersenne	[Endegeest	22 Décembre 1641]	V, 89	AT III, 464
AM5-095-321	321	Descartes à Mersenne	[Endegeest]	22 Décembre 1641	V, 95	AT III, 469
AM5-097-322	322	Descartes à son frère ainé	[Endegeest]	28 Décembre 1641	V, 97	AT III, 471
AM5-098-323	323	Descartes au P. [Gibieuf]	[Endegeest]	19 Janvier 1642	V, 98	AT III, 472
AM5-103-324	324	Descartes à Mersenne	[Endegeest]	19 Janvier 1642	V, 103	AT III, 480
AM5-107-325	325	Descartes à Regius	[Endegeest	 Janvier 1642?]	V, 107	AT III, 485
AM5-109-326	326	Regius à Descartes	[Utrecht]	24 Janvier 1642	V, 109	AT III, 487
AM5-111-327	327	Descartes à Regius	[Endegeest]	 Janvier 1642	V, 111	AT III, 491
AM5-141-328	328	Descartes à Huygens	Endegeest	22 Janvier 1642	V, 141	R, 159; 
AM5-143-329	329	Huygens à Descartes	La Haye	25 Janvier 1642	V, 143	R, 161; 
AM5-146-330	330	Descartes à Huygens	Endegeest	31 Janvier 1642	V, 146	R, 164; AT III, 520
AM5-149-331	331	Regius à Descartes	Utrecht	2 Février 1642	V, 149	AT III, 525
AM5-152-332	332	Regius à Descartes	Utrecht	17 Février 1642	V, 152	AT III, 527
AM5-153-333	333	Descartes à Regius		fin de Février 1642	V, 153	AT III, 528
AM5-156-334	334	Regius à Descartes	Utrecht	5 Mars 1642	V, 156	AT III, 534
AM5-158-335	335	Descartes à Regius	[Endegeest	 Mars 1642]	V, 158	AT III, 535
AM5-169-336	336	Descartes à Mersenne	[Endegeest	 Mars 1642]	V, 169	AT III, 542
AM5-173-337	337	Descartes à M. de Sainte-Croix		 Mars 1642?	V, 173	AT V, 543-547
AM5-179-338	338	Descartes à [Pollot?]	[Endegeest	 Mars 1642]	V, 179	AT III, 549
AM5-181-339	339	Descartes à Dozem	Endegeest	25 Mars 1642	V, 181	AT III, 553
AM5-184-340	340	Regius à Descartes	Utrecht	31 Mars 1642	V, 184	AT III, 557
AM5-186-341	341	Descartes à Regius	[Endegeest	 Avril 1642]	V, 186	AT III, 558
AM5-189-342	342	Regius à Descartes	Utrecht	4 Avril 1642	V, 189	AT III, 561
AM5-191-343	343	Descartes à Huygens	Endegeest	26 Avril 1642	V, 191	R, 167; 
AM5-193-344	344	Descartes à Huygens	Endegeest	26 Avril 1642	V, 193	R, 168; 
AM5-194-345	345	Huygens à Descartes	La Haye	27 Avril 1642	V, 194	R, 170; 
AM5-196-346	346	Descartes à Huygens	Endegeest	4 Mai 1642	V, 196	R, 172; 
AM5-198-347	347	Huygens à Descartes	La Haye	26 Mai 1642	V, 198	R, 173; AT III, 563
AM5-200-348	348	Descartes à Regius	Endegeest	 Juin 1642	V, 201	AT III, 565
AM5-206-349	349	Regius à Descartes	[Utrecht	Été 1642]	V, 206	AT III, 570
AM5-211-350	350	Descartes à Huygens	Endegeest	1 Septembre 1642	V, 211	R, 175; 
AM5-213-351	351	Huygens à Descartes	Camp de Bolberg	6 Septembre 1642	V, 213	R, 176; 
AM5-214-352	352	Descartes au P. Bourdin	[Endegeest	7 Septembre 1642]	V, 214	AT III, 575
AM5-217-353	353	Descartes à Pollot	Endegeest	6 Octobre 1642	V, 217	AT III, 577
AM5-218-354	354	Descartes à Huygens	Endegeest	6 Octobre 1642	V, 218	R, 177; 
AM5-219-355	355	Huygens à Descartes	La Haye	7 Octobre 1642	V, 219	R, 179; 
AM5-220-356	356	Descartes à Huygens	Endegeest	10 Octobre 1642	V, 220	R, 180; AT III, 578
AM5-223-357	357	Descartes à Mersenne	Endegeest	13 Octobre 1642	V, 223	AT III, 581
AM5-226-358	358	Descartes à Mersenne		1642?	V, 226	AT III, 585
AM5-228-359	359	Descartes à Mersenne	Endegeest	20 Octobre 1642	V, 228	AT III, 587
AM5-231-360	360	Descartes à Mersenne	[Endegeest]	17 Novembre 1642	V, 230	AT III, 591
AM5-234-361	361	Descartes au P. [Vatier]	[Endegeest	17 Novembre 1642]	V, 234	AT III, 594
AM5-237-362	362	Descartes à Mersenne	Endegeest	7 Décembre 1642	V, 237	AT III, 597
AM5-241-363	363	Descartes à [Desmarets]		 Janvier 1643?	V, 241	AT III, 605
AM5-243-364	364	Descartes à Mersenne	[Endegeest]	4 Janvier 1643	V, 243	AT III, 607
AM5-247-365	365	Descartes à Huygens	Endegeest	5 Janvier 1643	V, 247	R, 183; 
AM5-249-366	366	Huygens à Descartes	La Haye	7 Janvier 1643	V, 249	R, 185; 
AM5-251-367	367	Descartes à Huygens	Endegeest	14 Janvier 1643	V, 251	R, 187; AT V, 547
AM5-253-368	368	Descartes à Mersenne	[Endegeest]	2 Février 1643	V, 253	AT III, 611
AM5-256-369	369	Descartes à l'abbé Picot	[Endegeest]	2 Février 1643	V, 256	AT III, 615
AM5-257-370	370	Descartes à Huygens	Endegeest	18 Février 1643	V, 257	R, 189; AT III, 617
AM5-265-371	371	Descartes à Mersenne	Endegeest	23 Février 1643	V, 265	AT III, 631
AM5-270-372	372	Descartes à Mersenne	Endegeest	23 Mars 1643	V, 270	AT III, 637
AM5-276-373	373	Descartes à Colvius	Endegeest	23 Avril 1643	V, 276	AT III, 646
AM5-278-374	374	Descartes à Mersenne	Endegeest	26 Avril 1643	V, 278	AT III, 648
AM5-283-375	375	Descartes à Mersenne	[Endegeest]	26 Avril 1643	V, 283	AT III, 655
AM5-287-376	376	Élisabeth à Descartes	[La Haye]	6/16 Mai [1643]	V, 287	AT III, 660
AM5-289-377	377	Descartes à Élisabeth	[Egmond du Hoef	21 Mai 1643]	V, 289	AT III, 663
AM5-293-378	378	Descartes à Huygens	Egmond du Hoef	22 Mai 1643	V, 293	R, 198; 
AM5-295-379	379	Descartes à Huygens	Du Hoef	24 Mai 1643	V, 294	R, 199; AT III, 669
AM5-298-380	380	Descartes à Mersenne	Amsterdam	30 Mai 1643	V, 298	AT III, 672
AM5-301-381	381	Huygens à Descartes	Fort de Voorn	6 Juin 1643	V, 301	R, 202; AT III, 676
AM5-304-382	382	Colvius à Descartes	Dordrecht	9 Juin 1643	V, 304	AT III, 680
AM5-308-383	383	Beverwick à Descartes	Dordrecht	10 Juin 1643	V, 308	AT III, 682
AM5-309-384	384	Descartes à Vorstius	[Egmond du Hoef]	19 Juin 1643	V, 309	AT III, 686
AM5-315-385	385	Élisabeth à Descartes	[La Haye]	10/20 Juin [1643]	V, 315	AT III, 683
AM5-318-386	386	Descartes à Huygens	Du Hoef	26 Juin 1643	V, 318	R, 205; 
AM5-322-387	387	Descartes à Élisabeth	Egmond du Hoef	28 Juin 1643	V, 322	AT III, 690
AM6-001-388	388	Élisabeth à Descartes	[La Haye]	1 Juillet [1643]	VI, 1	AT IV, 1
AM6-003-389	389	Descartes à Beverwick	Egmond du Hoef	5 Juillet 1643	VI, 3	AT IV, 3
AM6-008-390	390	Descartes à Colvius	Egmond du Hoef	5 Juillet 1643	VI, 8	AT IV, 6
AM6-011-391	391	Descartes au Vroedschap d'Utrecht	Egmond du Hoef	6 Juillet 1643	VI, 11	R, 299; AT IV, 8 et 645
AM6-017-392	392	Descartes à [Huygens]	Amsterdam	10 Juillet 1643	VI, 17	R, 209; AT IV, 13
AM6-019-393	393	Descartes à [Wilhem]	Amsterdam	10 Juillet 1643	VI, 19	AT IV, 16
AM6-020-394	394	Descartes à G.Brandt	Egmond du Hoef	18 Juillet 1643	VI, 20	AT IV, 17et649
AM6-022-395	395	Descartes à Colvius	Egmond du Hoef	5 Septembre 1643	VI, 22	AT Sup., 15
AM6-024-396	396	Descartes à Huygens	Egmond du Hoef	20 Septembre 1643	VI, 24	R, 210; 
AM6-028-397	397	Huygens à Descartes	La Haye	5 Octobre 1643	VI, 28	R, 214; 
AM6-031-398	398	Descartes à [Graswinckel]	Egmond du Hoef	17 Octobre 1643	VI, 31	AT IV, 18
AM6-034-399	399	Descartes à Pollot	Egmond du Hoef	17 Octobre 1643	VI, 34	AT IV, 23
AM6-036-400	400	Descartes à Huygens	Egmond du Hoef	17 Octobre 1643	VI, 36	R, 216; 
AM6-037-401	401	Descartes à Pollot	Egmond du Hoef	21 Octobre 1643	VI, 37	AT IV, 25
AM6-039-402	402	Descartes à Pollot	Egmond du Hoef	23 Octobre 1643	VI, 39	AT IV, 28
AM6-042-403	403	Descartes à [Van Surck]	Leyde	[27 Octobre 1643]	VI, 42	AT IV, 31
AM6-043-404	404	Descartes à Huygens	Egmond du Hoef	2 Novembre 1643	VI, 43	R, 218; 
AM6-045-405	405	Huygens à Descartes	La Haye	2 Novembre 1643	VI, 45	R, 219; 
AM6-047-406	406	Descartes à Wilhem	[Egmond] du Hoef	7 Novembre 1643	VI, 47	AT IV, 32
AM6-050-407	407	Descartes à l'abbé Picot	[Egmond du Hoef]	7 Novembre 1643	VI, 50	AT IV, 36
AM6-052-408	408	Descartes à Élisabeth	[Egmond du Hoef]	 Novembre 1643	VI, 52	AT IV, 37
AM6-057-409	409	Descartes à Pollot	Egmond du Hoef	 Novembre 1643	VI, 57	AT IV, 43
AM6-058-410	410	Brasset à Descartes	[La Haye]	10 Novembre 1643	VI, 58	AT IV, 652
AM6-060-411	411	Descartes à Huygens	Egmond du Hoef	15 Novembre 1643	VI, 60	R, 221; 
AM6-065-412	412	Descartes à Pollot	Egmond du Hoef	[17/11]/1643	VI, 65	AT IV, 50
AM6-068-413	413	Élisabeth à Descartes	[La Haye]	21 Novembre [1643]	VI, 68	AT IV, 44
AM6-070-414	414	Descartes à Élisabeth	[Egmond du Hoef	 Novembre 1643]	VI, 70	AT IV, 45
AM6-074-415	415	Huygens à Descartes	La Haye	23 Novembre 1643	VI, 74	R, 226; 
AM6-076-416	416	Descartes à Pollot	[Egmond]du Hoef	30 Novembre 1643	VI, 76	AT IV, 53
AM6-079-417	417	Descartes à Mersenne	[Egmond du Hoef]	11 Décembre 1643	VI, 79	AT IV, 56
AM6-082-418	418	Descartes à Buitendijck		[1643?]	VI, 82	AT IV, 62
AM6-087-419	419	Descartes au P. ***		[1643?]	VI, 87	AT IV, 65
AM6-089-420	420	Mersenne à Descartes		[fin 1643ou debut1644?]	VI, 89	AT IV, 68
AM6-092-421	421	Descartes à X***		[1643?]	VI, 92	AT V, 545
AM6-095-422	422	Descartes à Pollot	[Egmond du Hoef]	1 Janvier 1644	VI, 95	AT IV, 70
AM6-099-423	423	Descartes à Pollot	[Egmond] du Hoef	8 Janvier 1644	VI, 99	AT IV, 75
AM6-102-424	424		[Egmond] du Hoef	15 Janvier 1644	VI, 102, IV, 80	AT Descartes à Pollot
AM6-104-425	425	Descartes à M. de La Thuillerie	[Egmond du Hoef	15-22 Janvier 1644]	VI, 104	AT IV, 84
AM6-122-426	426	Descartes à Pollot	Egmond du Hoef	22 Janvier 1644	VI, 122	AT IV, 82
AM6-124-427	427	Huygens à Descartes	La Haye	15 Février 1644	VI, 124	R, 228; 
AM6-126-428	428	Regius à Descartes	Utrecht	9-19 Février 1644	VI, 126	AT IV, 96
AM6-127-429	429	Descartes à Huygens	Egmond du Hoef	26 Février 1644	VI, 127	R, 230; 
AM6-129-430	430	Descartes à [Wilhem]	[Egmond] du Hoef	26 Février 1644	VI, 129	AT IV, 97
AM6-131-431	431	Buysero à Descartes	La Haye	8 Mars 1644	VI, 131	AT IV, 99
AM6-133-432	432	Huygens à Descartes	La Haye	14 Mars 1644	VI, 133	R, 232; AT IV, 102et658
AM6-134-433	433	Descartes à l'abbé Picot	[Egmond du Hoef]	1 Avril 1644	VI, 134	AT IV, 103
AM6-137-434	434	Descartes à Pollot	[Egmond du Hoef]	8 Avril 1644	VI, 137	AT IV, 106
AM6-139-435	435	Descartes à l'abbé Picot	Leyde	2 Mai 1644	VI, 139	AT IV, 108
AM6-140-436	436	Descartes au P. [Mesland]	[Leyde	2 Mai 1644?]	VI, 140	AT IV, 110
AM6-148-437	437	Descartes au P. [Grandamy]	[Leyde	2 Mai 1644?]	VI, 148	AT IV, 121
AM6-150-438	438	Descartes à Tobie d'André	[Leyde]	27 Mai 1644	VI, 150	AT IV, 123
AM6-151-439	439	Regius à Descartes	[Utrecht]	4 Juin 1644	VI, 151	AT IV, 123
AM6-153-440	440	Descartes à Élisabeth	[Paris	 Juillet 1644]	VI, 153	AT V, 64
AM6-155-441	441	Descartes à Wilhem	Paris	9 Juillet 1644	VI, 155	AT IV, 126
AM6-156-442	442	Descartes à l'abbé Picot	[Rennes]	29 Juillet 1644	VI, 156	AT IV, 129
AM6-159-443	443	Élisabeth à Descartes	[La Haye]	1 Août [1644]	VI, 159	AT IV, 131
AM6-161-444	444	Descartes à l'abbé Picot	Le Crevis	18 Août 1644	VI, 161	AT IV, 134
AM6-163-445	445	Descartes à Élisabeth	[Le Crevis	 Août 1644]	VI, 163	AT IV, 135
AM6-165-446	446	Descartes à l'abbé Picot	Chavagne en Suce	11 Septembre 1644	VI, 165	AT IV, 138
AM6-167-447	447	Descartes au P. [Bourdin]	[Paris	 Octobre 1644]	VI, 167	AT IV, 143
AM6-168-448	448	Descartes au P. [Charlet]	[Paris	 Octobre 1644]	VI, 168	AT IV, 139
AM6-170-449	449	Descartes au P. [Dinet]	[Paris	 Octobre 1644]	VI, 170	AT IV, 142
AM6-171-450	450	Descartes à l'abbé Picot	[CaLais]	8 Novembre 1644	VI, 171	AT IV, 147
AM6-172-451	451	Descartes à Huygens	Dort	13 Novembre 1644	VI, 172	R, 233; 
AM6-173-452	452	Regius à Descartes	Utrecht	18 Novembre 1644	VI, 173	AT IV, 148
AM6-175-453	453	Descartes à Bruno	[Egmond	 Novembre 1644]	VI, 175	AT IV, 661
AM6-177-454	454	Descartes à Huygens	Egmond	21 Décembre 1644	VI, 177	R, 234; 
AM6-178-455	455	Descartes à X***		[1644?]	VI, 178	AT V, 549
AM6-180-456	456	Descartes à du Puy	Egmond	5 Janvier 1645	VI, 180	AT IV, 150
AM6-182-457	457	Huygens à Descartes	La Haye	16 Janvier 1645	VI, 182	R, 235; 
AM6-183-458	458	Descartes à Tobie d'André	[Egmond]	7 Février [1645]	VI, 183	AT IV, 155
AM6-184-459	459	Descartes au P. Charlet	[Egmond	9 Février 1645]	VI, 184	AT IV, 156
AM6-186-460	460	Descartes au P. [Dinet]	[Egmond	9 Février 1645]	VI, 186	AT IV, 158
AM6-188-461	461	Descartes au P. [Bourdin]	[Egmond	9 Février 1645]	VI, 188	AT IV, 160
AM6-189-462	462	Descartes au P. Mesland	[Egmond	9 Février 1645]?	VI, 189	AT IV, 161
AM6-196-463	463	Descartes au [P. Mesland?]	[Egmond	9 Février 1645?]	VI, 196	AT IV, 172
AM6-200-464	464	Descartes à l'abbé Picot	[Egmond]	9 Février 1645	VI, 200	AT IV, 175
AM6-202-465	465	Descartes à Huygens	Egmond	17 Février 1645	VI, 202	R, 236; 
AM6-204-466	466	Descartes à l'Universite de Groningue	Egmond	17 Février [1645]	VI, 204	AT IV, 177
AM6-208-467	467	Descartes à l'abbé Picot	[Egmond]	17 Février 1645	VI, 208	AT IV, 180
AM6-211-468	468	Descartes à Clerselier	[Egmond	17 Février 1645]	VI, 211	AT IV, 183
AM6-215-469	469	Descartes au [marquis de Newcastle]		[ Avril 1645?]	VI, 215	AT IV, 188
AM6-219-470	470	Descartes à Clerselier	[Egmond]	10 Avril 1645	VI, 219	AT IV, 192
AM6-222-471	471	Descartes à Tobie d'André	[Egmond]	5 Mai 1645	VI, 222	AT IV, 195
AM6-224-472	472	Descartes à Élisabeth	[Egmond	18 Mai 1645]	VI, 224	AT IV, 200
AM6-227-473	473	Descartes à Pollot	Egmond	18 Mai 1645	VI, 227	AT IV, 204
AM6-230-474	474	Élisabeth à Descartes	[La Haye]	24 Mai [1645]	VI, 230	AT IV, 207
AM6-233-475	475	Descartes à Tobie d'André	[Egmond]	26 Mai 1645	VI, 233	AT IV, 214
AM6-235-476	476	Descartes au P. Mesland	[Egmond	 Mai 1645?]	VI, 235	AT IV, 215
AM6-237-477	477	Descartes à Élisabeth	[Egmond	5- Juin 1645]	VI, 237	AT IV, 218
AM6-240-478	478	Descartes à l'abbé Picot	[Egmond]	1 Juin 1645	VI, 240	AT IV, 222
AM6-241-479	479	Descartes à X***	[Egmond	 Juin 1645?]	VI, 241	AT IV, 222
AM6-244-480	480	Descartes à [Haestrecht]	[Egmond	 Juin 1645?]	VI, 244	AT IV, 227
AM6-248-481	481	Élisabeth à Descartes	[La Haye]	22 June [1645]	VI, 248	AT IV, 233
AM6-250-482	482	Regius à Descartes	[Utrecht]	23 Juin 1645	VI, 250	AT IV, 235
AM6-251-483	483	Descartes à Élisabeth	[Egmond	 Juin 1645]	VI, 251	AT IV, 236
AM6-253-484	484	Descartes à Regius	[Egmond	 Juillet 1645]	VI, 253	AT IV, 239
AM6-255-485	485	Regius à Descartes	[Utrecht]	6 Juillet 1645	VI, 255	AT IV, 241
AM6-257-486	486	Huygens à Descartes	Oost-Eekelo	7 Juillet 1645	VI, 257	R, 238; AT IV, 242
AM6-259-487	487	Descartes à Tobie d'André	[Egmond]	16 Juillet 1645	VI, 259	AT IV, 245
AM6-262-488	488	Descartes à Regius	[Egmond	 Juillet 1645]	VI, 262	AT IV, 248
AM6-267-489	489	Descartes à Élisabeth	Egmond	21 Juillet 1645	VI, 267	AT IV, 251
AM6-269-490	490	Regius à Descartes	[Utrecht]	23 Juillet 1645	VI, 269	AT IV, 254
AM6-271-491	491	Descartes à Regius	[Egmond	 Juillet 1645]	VI, 271	AT IV, 256
AM6-275-492	492	Descartes à [Wilhem]	Egmond	4 Août 1645	VI, 275	AT IV, 258
AM6-276-493	493	Descartes à Huygens	Egmond	4 Août 1645	VI, 276	R, 240; AT IV, 260
AM6-279-494	494	Descartes à Élisabeth	Egmond	4 Août 1645	VI, 279	AT IV, 263
AM6-283-495	495	Élisabeth à Descartes	[La Haye]	16 Août [1645]	VI, 283	AT IV, 268
AM6-285-496	496	Descartes à Élisabeth	Egmond	18 Août 1645	VI, 285	AT IV, 271
AM6-290-497	497	Élisabeth à Descartes	[La Haye	 Août 1645]	VI, 290	AT IV, 278
AM6-292-498	498	Descartes à Élisabeth	Egmond	1 Septembre 1645	VI, 292	AT IV, 280
AM6-297-499	499	Élisabeth à Descartes	[La Haye]	13 Septembre [1645]	VI, 297	AT IV, 287
AM6-300-500	500	Descartes à Élisabeth	Egmond	15 Septembre 1645	VI, 300	AT VI, 290
AM6-305-501	501	Descartes à Wilhem	Egmond	15 Septembre 1645	VI, 305	AT IV, 297
AM6-306-502	502	Descartes à Wilhem	Egmond	29 Septembre 1645	VI, 306	AT IV, 298
AM6-309-503	503	Élisabeth à Descartes	[Riswyck]	30 Septembre [1645]	VI, 309	AT VI, 301
AM6-312-504	504	Descartes à Élisabeth	Egmond	6 Octobre 1645	VI, 312	AT IV, 304
AM6-321-505	505	Descartes à X***	Egmond	15 Octobre 1645	VI, 321	AT IV, 318
AM6-322-506	506	Élisabeth à Descartes	La Haye	28/10/[1645]	VI, 322	AT IV, 320
AM6-326-507	507	Descartes au [marquis de Newcastle]	[Egmond	 Octobre 1645]	VI, 326	AT IV, 325
AM6-330-508	508	Descartes à Élisabeth	Egmond	3 Novembre 1645	VI, 330	AT IV, 330
AM6-334-509	509	Élisabeth à Descartes	[La Haye	30 Novembre 1645]	VI, 334	AT IV, 335
AM6-337-510	510	Descartes à Clerselier	[Egmond]	20 Décembre 1645	VI, 337	AT IV, 338
AM6-338-511	511	Élisabeth à Descartes	[La Haye]	27 Décembre [1645]	VI, 338	AT IV, 339
AM6-340-512	512	Descartes à l'abbé Picot	[Egmond]	29 Décembre 1645	VI, 340	AT IV, 341
AM6-341-513	513	Descartes à X***	Egmond	[fin 1645]	VI, 341	AT IV, 342
AM6-342-514	514	Descartes au P. Mesland	[Egmond	1645 ou 1646?]	VI, 342	AT IV, 344et669
AM6-345-515	515	Descartes à X***	[Egmond	1645 ou 1646?]	VI, 345	AT IV, 348et669
AM7-001-516	516	Descartes à Élisabeth	[Egmond	 Janvier 1646]	VII, 1	AT IV, 351
AM7-006-517	517	Descartes à Clerselier	[Egmond]	12 Janvier 1646	VII, 6	AT IV, 357
AM7-007-518	518	Descartes à Huygens		[ Janvier 1646?]	VII, 7	R, 242; AT V, 262
AM7-010-519	519	Huygens à Descartes		5 Février 1646	VII, 10	R, 245; 
AM7-011-520	520	Descartes à X***	[Egmond]	 Février 1646	VII, 11	AT IV, 358
AM7-016-521	521	Descartes à Clerselier	[Egmond]	23 Février 1646	VII, 16	AT IV, 362
AM7-017-522	522	Descartes à Mersenne	Egmond	2 Mars 1646	VII, 17	AT IV, 362
AM7-019-523	523	Descartes à Mersenne	[Egmond	2 Mars 1646]	VII, 19	AT IV, 366
AM7-024-524	524	Descartes à Clerselier	Egmond	2 Mars 1646	VII, 24	AT IV, 371
AM7-026-525	525	Descartes à X***		début Mars 1646	VII, 26	AT IV, 374
AM7-028-526	526	Descartes à Chanut	Egmond	6 Mars 1646	VII, 28	AT IV, 376
AM7-030-527	527	Descartes à Huygens		11 Mars 1646	VII, 30	R, 246; 
AM7-032-529	529	Descartes à Cavendish	Egmond	30 Mars 1646	VII, 32	AT IV, 379
AM7-039-530	530	Descartes à un avocat	Egmond	17 Avril 1646	VII, 39	AT IV, 389
AM7-041-531	531	Descartes à Mersenne	[Egmond]	20 Avril 1646	VII, 41	AT IV, 391
AM7-045-532	532	Descartes à Mersenne	Egmond	20 Avril 1646	VII, 45	AT IV, 396
AM7-055-533	533	Élisabeth à Descartes	[La Haye]	25 Avril [1646]	VII, 55	AT IV, 403
AM7-058-534	534	Descartes à Élisabeth		[ Mai 1646]	VII, 58	AT IV, 406
AM7-063-535	535	Descartes à l'abbé Picot	[Egmond]	4 Mai 1646	VII, 63	AT IV, 412
AM7-064-536	536	Descartes à Élisabeth	[Egmond]	[ Mai 1646]	VII, 64	AT IV, 413
AM7-066-537	537	Descartes à Cavendish	Egmond	15 Mai 1646	VII, 66	AT IV, 415
AM7-069-538	538	Roberval à Cavendish pour Descartes	Paris	 Mai 1646	VII, 69	AT IV, 420
AM7-076-539	539	Descartes à Cavendish	Egmond	15 Juin 1646	VII, 76	AT IV, 429
AM7-080-540	540	Descartes à Wilhem	Egmond	15 Juin 1646	VII, 80	AT IV, 435
AM7-082-541	541	Descartes à Chanut	Egmond	15 Juin 1646	VII, 82	AT IV, 440
AM7-084-542	542	Descartes à Clerselier	[Egmond	6- Juillet 1646]	VII, 84	AT IV, 442
AM7-088-543	543	[Clerselier] à Descartes	Paris	 Juillet 1646	VII, 88	AT IV, 452
AM7-138-544	544	Descartes au P. Charlet		[ Août 1646]	VII, 138	AT III, 269
AM7-140-545	545	Élisabeth à Descartes	La Haye	 Août 1646	VII, 140	AT IV, 447et673
AM7-143-546	546	Chanut à Descartes	Stockholm	25 Août 1646	VII, 143	AT X, 601
AM7-146-547	547	Descartes à (Clerselier) pour M. le Conte		[29 Août 1646]	VII, 146	AT IV, 474
AM7-163-548	548	Descartes à Élisabeth	[Egmond	 Septembre 1646]	VII, 163	AT IV, 485
AM7-169-549	549	Descartes à la princesse [Sophie]	[Egmond	 Septembre 1646]	VII, 169	AT IV, 495
AM7-170-550	550	Descartes à Mersenne	Egmond	7 Septembre 1646	VII, 170	AT IV, 496
AM7-174-551	551	Roberval contre Descartes		[ Septembre 1646]	VII, 174	AT IV, 502
AM7-179-552	552	Descartes à Mersenne	Egmond	5 Octobre 1646	VII, 179	AT IV, 508
AM7-184-553	553	Descartes à X***	[Egmond	 Octobre 1646]	VII, 184	AT IV, 515
AM7-187-554	554	Élisabeth à Descartes	Berlin	10 Octobre [1646]	VII, 187	AT IV, 519
AM7-192-555	555	Descartes à Mersenne	Egmond	12 Octobre 1646	VII, 192	AT IV, 525
AM7-194-556	556	Descartes à Élisabeth		[10- Novembre 1646]	VII, 194	AT IV, 528
AM7-198-557	557	Descartes à la princesse [Sophie]		[ Novembre 1646]	VII, 198	AT IV, 533
AM7-199-558	558	Descartes à Chanut	Egmond	1 Novembre 1646	VII, 199	AT IV, 534
AM7-203-559	559	Descartes à Mersenne pour Roberval	Egmond	2 Novembre 1646	VII, 203	AT IV, 543
AM7-209-560	560	Descartes à Mersenne	Egmond	2 Novembre 1646	VII, 209	AT IV, 551
AM7-213-561	561	Descartes à [Cavendish]	[Egmond	2 Novembre 1646]	VII, 213	AT IV, 558
AM7-217-562	562	Descartes à l'abbé Picot	[Egmond]	2 Novembre 1646	VII, 217	AT IV, 563
AM7-218-563	563	Descartes à Clerselier	[Egmond]	9 Novembre 1646	VII, 218	AT IV, 563
AM7-219-564	564	Descartes à Mersenne	Egmond	23 Novembre 1646]	VII, 219	AT IV, 564
AM7-222-565	565	Descartes au [marquis de Newcastle]	[Egmond	23 Novembre 1646]	VII, 222	AT IV, 568
AM7-228-566	566	Élisabeth à Descartes	[Berlin]	29 Novembre [1646]	VII, 228	AT IV, 577
AM7-231-567	567	Descartes à Huygens	Egmond	30 Novembre 1646	VII, 231	R, 247; 
AM7-232-568	568	Chanut à Descartes	Stockholm	1 Décembre 1646	VII, 232	AT X, 609
AM7-236-569	569	Descartes à Mersenne	Egmond	14 Décembre 1646	VII, 236	AT IV, 583
AM7-238-570	570	Descartes au P. [Noel]	[Egmond]	14 Décembre 1646	VII, 238	AT IV, 584
AM7-241-571	571	Descartes au P. [Charlet]	[Egmond]	[14 Décembre 1646?]	VII, 241	AT IV, 587
AM7-242-572	572	Descartes à Élisabeth	[Egmond]	[ Décembre 1646]	VII, 242	AT IV, 588
AM7-245-573	573	Descartes à la princesse [Sophie]	[Egmond]	[ Décembre 1646]	VII, 245	AT IV, 592
AM7-246-574	574	Descartes à Van Foreest	Egmond	5 Janvier 1647	VII, 246	AT X, 613
AM7-248-575	575	Huygens à Descartes	La Haye	7 Janvier 1647	VII, 247	R, 249; 
AM7-249-576	576	Descartes à mersenne	[Egmond	25 Janvier 1647]	VII, 248	AT IV, 593
AM7-253-577	577	Joachim Descartes à Mersenne	Mantes	29 Janvier 1647	VII, 253	AT V, 552
AM7-254-578	578	Descartes à Chanut	[Egmond]	1 Février 1647	VII, 254	AT IV, 600
AM7-267-579	579	Descartes à Huygens	Egmond	4 Février 1647	VII, 267	R, 250; 
AM7-268-580	580	Élisabeth à Descartes	[Berlin	21 Février 1647]	VII, 268	AT IV, 617
AM7-270-581	581	Descartes à l'abbé Picot	[Egmond]	1 Mars 1647	VII, 270	AT IV, 620
AM7-271-582	582	Descartes à Mersenne	Egmond	[15 Mars 1647]	VII, 271	AT IV, 621
AM7-274-583	583	Descartes à Élisabeth	[La Haye	 Mars 1647]	VII, 274	AT IV, 624
AM7-277-584	584	Élisabeth à Descartes	Berlin	11 Avril [1647]	VII, 277	AT IV, 628
AM7-280-585	585	Descartes à Heereboord	Egmond	19 Avril 1647	VII, 280	AT IV, 631
AM7-282-586	586	Descartes à Mersenne	Egmond	26 Avril 1647	VII, 282	AT IV, 636
AM7-285-587	587	Descartes à l'abbé picot	Egmond	26 Avril 1647	VII, 284	AT IV, 640
AM7-287-588	588	Descartes aux curateurs de l'Université de Leyde	Egmond	4 Mai 1647	VII, 287	AT V, 1
AM7-307-589	589	Descartes à Élisabeth	[Egmond	10 Mai 1647]	VII, 307	AT V, 15
AM7-311-590	590	Chanut à Descartes		11 Mai 1647	VII, 311	AT X, 617
AM7-317-591	591	Descartes à Servien	Egmond	12 Mai 1647	VII, 317	AT V, 24
AM7-319-592	592	Descartes à Huygens	Egmond	12 Mai 1647	VII, 319	R, 251; 
AM7-321-593	593	Brasset à Descartes	[La Haye]	15 Mai 1647	VII, 321	AT V, 27
AM7-322-594	594	Les Curateurs de l'Université de Leyde à Descartes	Leyde	20 Mai 1647	VII, 322	AT V, 29
AM7-324-595	595	Wevelichoven à Descartes	Leyde	20 Mai 1647	VII, 324	AT V, 31
AM7-326-596	596	Descartes à Wilhem	Egmond	24 Mai 1647	VII, 326	AT V, 32
AM7-328-597	597	Descartes aux Curateurs et aux Consuls de l'Université de Leyde	Egmond	27 Mai 1647	VII, 328	AT V, 35
AM7-336-598	598	Descartes à Wevelichoven	[Egmond	27 Mai 1647]	VII, 336	AT V, 40
AM7-338-599	599	Descartes à [Wilhem?]	[Egmond	27 Mai 1647]	VII, 338	AT V, 41
AM7-342-600	600	Élisabeth à Descartes	[Crossen	fin Mai 1647]	VII, 342	AT V, 46
AM7-345-601	601	Descartes à Chanut	La Haye	6 Juin 1647	VII, 345	AT V, 50
AM7-352-602	602	Descartes à Élisabeth	[La Haye	6 Juin 1647]	VII, 352	AT V, 59
AM7-354-603	603	Descartes à l'abbé Picot	Rotterdam	8 Juin 1647	VII, 354	AT V, 63
AM7-355-604	604	Descartes à [Mersenne]	Paris	 Septembre 1647?	VII, 355	AT V, 74
AM7-358-605	605	Chanut à Descartes	Stockholm	21 Septembre 1647	VII, 358	AT V, 79
AM7-359-606	606	Chanut à Descartes	Stockholm	9 Novembre 1647	VII, 359	AT V, 80
AM7-360-607	607	Huygens à Descartes		14 Novembre 1647	VII, 360	R, 254; 
AM7-362-608	608	Descartes à Christine de Suède	Egmond	20 Novembre 1647	VII, 362	AT V, 81
AM7-366-609	609	Descartes à Chanut	Egmond	20 Novembre 1647	VII, 366	AT V, 86
AM7-368-610	610	Descartes à Élisabeth	Egmond	20 Novembre 1647	VII, 368	AT V, 89
AM7-371-611	611	Brasset à Descartes	[La Haye]	4 Décembre 1647	VII, 371	AT V, 92
AM7-374-612	612	Élisabeth à Descartes	[Berlin]	5 Décembre [1647]	VII, 374	AT V, 96
AM7-376-613	613	Descartes à Huygens		8 Décembre 1647	VII, 376	R, 256; 
AM7-378-614	614	Descartes à Mersenne	Egmond	13 Décembre 1647	VII, 378	AT V, 98
AM7-382-615	615	Descartes à Brasset	Egmond	[17?] Décembre 1647	VII, 382	AT V, 107
AM7-384-616	616	Descartes à Huygens		27 Décembre 1647	VII, 384	R, 258; 
AM7-386-617	617	Descartes à [Hogelande?]	Egmond	 Décembre 1647	VII, 386	AT V, 109
AM7-389-390bis	390 bis	Descartes à Colvius		6 Juillet 1643	VII, 389	AT IV, 678
AM7-391-441bis	441 bis	Rivet à Descartes	La Haye	19/[7]/1644	VII, 391	AT Inedit
AM7-393-475bis	475 bis	Descartes à Math. Passor	[Egmond]	26 Mai 1645	VII, 393	AT Inedit(perdu)
AM8-001-618	618	Descartes à Élisabeth	Egmond	[31 Janvier 1648]	VIII, 1	AT V, 111
AM8-004-619	619	Descartes à Mersenne	Egmond	31 Janvier 1648	VIII, 4	AT V, 114
AM8-007-620	620	Descartes à Mersenne	Egmond	7 Février 1648	VIII, 7	AT V, 118
AM8-009-621	621	Brasset à Descartes	La Haye	7 Février 1648	VIII, 9	AT V, 121
AM8-011-622	622	Descartes à Pollot	Egmond	7 Février 1648	VIII, 11	AT V, 123
AM8-013-623	623	Descartes au Vroedschap d'Utrecht	Egmond	21 Février 1648	VIII, 13	AT V, 125
AM8-014-624	624	Descartes à Chanut	Egmond	21 Février 1648	VIII, 14	AT V, 129
AM8-017-625	625	Descartes à l'abbé Picot	[Egmond]	28 Février 1648	VIII, 17	AT V, 132
AM8-019-626	626	Descartes à [Silhon?]		3- Avril 1648	VIII, 19	AT V, 133
AM8-023-627	627	Descartes à l'abbé Picot	[Egmond]	4 Avril 1648	VIII, 23	AT V, 239
AM8-025-628	628	Descartes à Mersenne	Egmond	4 Avril 1648	VIII, 25	AT V, 141
AM8-029-630	630	Brasset à Descartes	La Haye	30 Avril 1648	VIII, 29	AT V, 179
AM8-031-631	631	Descartes à Chanut	Paris	 Mai 1648	VIII, 31	AT V, 182
AM8-033-632	632	[Arnauld] à Descartes		[3 Juin 1648]	VIII, 33	AT V, 184
AM8-045-633	633	Descartes pour [Arnauld]	Paris	4 Juin 1648]	VIII, 45	AT V, 192
AM8-050-634	634	Descartes à Debeaune	Paris	5 Juin 1648	VIII, 50	AT Sup.20
AM8-052-635	635	Élisabeth à Descartes	Crossen	30 Juin 1648]	VIII, 52	AT V, 195
AM8-054-636	636	Descartes à Élisabeth		[6- Juillet 1648]	VIII, 54	AT V, 197
AM8-056-637	637	Descartes à Mersenne		[6- Juillet 1648]	VIII, 56	AT V, 202
AM8-060-638	638	Élisabeth à Descartes	Crossen	[ Juillet 1648]	VIII, 60	AT V, 209
AM8-062-639	639	[Arnauld] à Descartes		[ Juillet 1648]	VIII, 62	AT V, 211
AM8-070-640	640	Brasset à Descartes	La Haye	27 Juillet 1648	VIII, 70	AT V, 216
AM8-071-641	641	Descartes pour [Arnauld]	Paris	29 Juillet 1648	VIII, 71	AT V, 219
AM8-080-642	642	Élisabeth à Descartes	Crossen	23 Août 1648	VIII, 80	AT V, 224
AM8-082-643	643	Descartes à l'abbé Picot	Boulogne	1 Septembre 1648	VIII, 82	AT V, 227
AM8-084-644	644	Descartes à l'abbé Picot	Amsterdam	6 Septembre 1648	VIII, 84	AT V, 229
AM8-085-645	645	Descartes à Élisabeth	[Egmond	 Octobre 1648]	VIII, 85	AT V, 231
AM8-087-646	646	Descartes à l'abbé Picot	[Egmond]	13 Novembre 1648	VIII, 87	AT V, 68
AM8-089-647	647	Descartes à l'abbé Picot	[Egmond]	7 Décembre 1648	VIII, 89	AT V, 234
AM8-090-648	648	Morus à Descartes	Cambridge	11 Décembre 1648	VIII, 90	AT V, 235
AM8-108-649	649	Christine à Descartes	Stockholm	12 Décembre 1648	VIII, 10	AT V, 251
AM8-109-650	650	Chanut à Descartes	Stockholm	12 Décembre 1648	VIII, 10	AT V, 252
AM8-111-651	651	Descartes à [Auzout]	[Egmond]	18 Décembre 1648	VIII, 11	AT V, 254et554
AM8-116-652	652	Descartes à X***		[1648 ou 1649?]	VIII, 11	AT V, 258
AM8-119-653	653	Descartes à [Pollot?]		[1648?]	VIII, 119	AT V, 556
AM8-121-654	654	Descartes à Morus	Egmond	5 Février 1649	VIII, 121	AT V, 267
AM8-140-655	655	Descartes à l'abbé Picot	[Egmond]	21 Février 1649	VIII, 140	AT V, 279
AM8-142-656	656	Descartes à Élisabeth	[Egmond]	[22 Février 1649]	VIII, 142	AT V, 280
AM8-146-657	657	Descartes à Chanut	Egmond	26 Février 1649	VIII, 146	AT V, 289
AM8-150-658	658	Descartes à Christine	[Egmond]	[26 Février 1649]	VIII, 150	AT V, 293
AM8-151-659	659	Chanut à Descartes	Stockholm	27 Février 1649	VIII, 151	AT V, 295
AM8-152-660	660	Brasset à Descartes	[La Haye]	2 Mars 1649	VIII, 152	AT V, 296
AM8-154-661	661	Morus à Descartes	Cambridge	5 Mars 1649	VIII, 154	AT V, 298
AM8-186-662	662	Chanut à Descartes	Stockholm	6 Mars 1649	VIII, 186	AT V, 317
AM8-187-663	663	Schooten à Descartes	Leyde	10 Mars 1649	VIII, 187	AT V, 318
AM8-190-664	664	Chanut à Descartes	Stockholm	27 Mars 1649	VIII, 190	AT V, 322
AM8-191-665	665	Descartes à Chanut	[Egmond	31 Mars 1649]	VIII, 191	AT V, 323
AM8-193-666	666	Descartes à Chanut	[Egmond	31 Mars 1649]	VIII, 193	AT V, 326
AM8-196-667	667	Descartes à Élisabeth	[Egmond	31 Mars 1649]	VIII, 196	AT V, 330
AM8-198-668	668	Descartes à Brasset	[Egmond	31 Mars 1649]	VIII, 198	AT V, 331
AM8-200-669	669	Descartes à l'abbé Picot	[Egmond	2 Avril 1649]	VIII, 200	AT V, 335
AM8-201-670	670	Descartes à Schooten	Egmond	9 Avril 1649	VIII, 201	AT V, 336 et sup.22
AM8-204-671	671	Descartes à Morus	Egmond	15 Avril 1649	VIII, 204	AT V, 340
AM8-218-672	672	Descartes à Brasset	[Egmond	23 Avril 1649]	VIII, 218	AT V, 349
AM8-220-673	673	Descartes à Chanut	[Egmond	23 Avril 1649]	VIII, 220	AT V, 351
AM8-222-674	674	Descartes à Clerselier	[Egmond	23 Avril 1649]	VIII, 222	AT V, 352
AM8-226-675	675	Descartes à l'abbé Picot	[Egmond]	23 Avril 1649	VIII, 226	AT V, 357
AM8-227-676	676	Descartes à l'abbé Picot	Egmond	7 et 14 Mai 1649	VIII, 227	AT V, 358
AM8-228-677	677	Descartes à Élisabeth	[Egmond	 Juin 1649]	VIII, 228	AT V, 359
AM8-229-678	678	Descartes à Freinshemius	[Egmond	 Juin 1649]	VIII, 229	AT V, 361
AM8-232-679	679	Descartes à Carcavi		11 Juin 1649	VIII, 232	AT V, 365
AM8-235-680	680	Carcavi à Descartes	Paris	9 Juillet 1649	VIII, 235	AT V, 369
AM8-240-681	681	Morus à Descartes	[Cambridge	23 Juillet 1649]	VIII, 240	AT V, 376
AM8-253-682	682	Descartes à Carcavi	La Haye	17 Août 1649	VIII, 253	AT V, 391
AM8-261-683	683	Descartes à Morus	[Egmond	 Août 1649]	VIII, 261	AT V, 401
AM8-268-684	684	Descartes à l'abbé Picot	Egmond	30 Août 1649	VIII, 268	AT V, 405
AM8-269-685	685	Descartes à l'abbé Picot	Egmond	30 Août 1649	VIII, 269	AT V, 406
AM8-271-686	686	Descartes à Hogelande	Egmond	30 Août 1649	VIII, 271	AT V, 409
AM8-273-687	687	Carcavi à Descartes	Paris	24 Septembre 1649	VIII, 273	AT V, 412
AM8-285-688	688	Descartes à Élisabeth	[Stockholm	9 Octobre 1649]	VIII, 285	AT V, 429
AM8-288-689	689	Descartes à l'abbé Picot	Stockholm	9 Octobre 1649	VIII, 288	AT V, 432
AM8-291-690	690	Descartes à Brasset	Stockholm	[17] Octobre 1649	VIII, 291	AT V, 433
AM8-292-691	691	Morus à Descartes	Cambridge	21 Octobre 1649	VIII, 292	AT V, 434
AM8-293-692	692	Brasset à Descartes	La Haye	4 Novembre 1649	VIII, 293	AT V, 444
AM8-295-693	693	Descartes à Clerselier	Stockholm	6 Novembre 1649	VIII, 295	AT V, 447
AM8-297-694	694	Brasset à Descartes	La Haye	27 Novembre 1649	VIII, 297	AT V, 449
AM8-298-695	695	Élisabeth à Descartes		4 Décembre [1649]	VIII, 298	AT V, 451
AM8-300-696	696	Descartes à l'abbé Picot	Stockholm	4 Décembre 1649	VIII, 300	AT V, 453
AM8-303-697	697	Descartes à Huygens	[Stockholm]	4 Décembre 1649	VIII, 303	AT Inedit
AM8-305-698	698	Descartes à Brégy	Stockholm	18 Décembre 1649	VIII, 305	AT V, 455
AM8-308-699	699	Descartes à l'abbé Picot	Stockholm	25 Décembre 1649	VIII, 308	AT V, 461
AM8-309-700	700	Descartes à [De la Mare]	[Stockholm	 Décembre 1649- Janvier 1650]	VIII, 309	AT V, 462
AM8-311-701	701	Descartes à X***	Stockholm	1649ou1650	VIII, 311	AT V, 464
AM8-313-702	702	Descartes à Brégy	Stockholm	15 Janvier 1650	VIII, 313	AT V, 466
AM8-315-703	703	Descartes à l'abbé Picot	Stockholm	15 Janvier 1650	VIII, 315	AT V, 469
AM8-316-704	704	Descartes à ses frères	Stockholm	10 Février 1650	VIII, 316	AT V, 470
AM8-317-263bis	263 bis	 	Leyde	5 Octobre 1640	VIII, 317	AT Descartes à Wicquefort
AM8-318-528	528	Mersenne à Descartes		22 Mars 1646	VIII, 318	AT Inedit copie MS
